{"cameraMode":{"drawMode":0,"name":"Shaded","section":"Shading Mode"},"sceneLighting":true,"audioPlay":false,"sceneViewState":{"showFog":true,"showMaterialUpdate":false,"showSkybox":true,"showFlares":true,"showImageEffects":true,"showParticleSystems":true},"in2DMode":false,"pivot":{"x":-0.8273553848266602,"y":2.7727861404418947,"z":-0.8938884735107422},"rotation":{"x":0.04669266566634178,"y":0.0658775344491005,"z":-0.003063210053369403,"w":0.9967511892318726},"size":11.842061042785645,"orthographic":false}