{"cameraMode":{"drawMode":0,"name":"Shaded","section":"Shading Mode"},"sceneLighting":true,"audioPlay":false,"sceneViewState":{"showFog":true,"showMaterialUpdate":false,"showSkybox":true,"showFlares":true,"showImageEffects":true,"showParticleSystems":true},"in2DMode":false,"pivot":{"x":86.6999740600586,"y":-78.75015258789063,"z":157.76556396484376},"rotation":{"x":0.35255444049835207,"y":0.014242125675082207,"z":-0.004973497707396746,"w":0.9357424378395081},"size":146.47540283203126,"orthographic":false}