{"cameraMode":{"drawMode":0,"name":"Shaded","section":"Shading Mode"},"sceneLighting":true,"audioPlay":false,"sceneViewState":{"showFog":true,"showMaterialUpdate":false,"showSkybox":true,"showFlares":true,"showImageEffects":true,"showParticleSystems":true},"in2DMode":false,"pivot":{"x":1.4087953567504883,"y":2.5056629180908205,"z":0.1699848175048828},"rotation":{"x":0.16815534234046937,"y":-0.16185016930103303,"z":0.028030168265104295,"w":0.9719973802566528},"size":15.691765785217286,"orthographic":false}