{"cameraMode":{"drawMode":0,"name":"Shaded","section":"Shading Mode"},"sceneLighting":true,"audioPlay":false,"sceneViewState":{"showFog":true,"showMaterialUpdate":false,"showSkybox":true,"showFlares":true,"showImageEffects":true,"showParticleSystems":true},"in2DMode":false,"pivot":{"x":-95.48667907714844,"y":-27.432382583618165,"z":194.82186889648438},"rotation":{"x":0.11931917071342468,"y":0.1910056471824646,"z":-0.02301764488220215,"w":0.9741091728210449},"size":137.5635223388672,"orthographic":false}