{"cameraMode":{"drawMode":0,"name":"Shaded","section":"Shading Mode"},"sceneLighting":true,"audioPlay":false,"sceneViewState":{"showFog":true,"showMaterialUpdate":false,"showSkybox":true,"showFlares":true,"showImageEffects":true,"showParticleSystems":true},"in2DMode":false,"pivot":{"x":-12.9305419921875,"y":-19.72374725341797,"z":41.520790100097659},"rotation":{"x":0.26763030886650088,"y":-0.07650106400251389,"z":0.021341104060411454,"w":0.9602609872817993},"size":63.5938606262207,"orthographic":false}