{"cameraMode":{"drawMode":0,"name":"Shaded","section":"Shading Mode"},"sceneLighting":true,"audioPlay":false,"sceneViewState":{"showFog":true,"showMaterialUpdate":false,"showSkybox":true,"showFlares":true,"showImageEffects":true,"showParticleSystems":true},"in2DMode":false,"pivot":{"x":21.592500686645509,"y":-449.54803466796877,"z":258.1495361328125},"rotation":{"x":-0.15562213957309724,"y":0.021248573437333108,"z":-0.004863632842898369,"w":-0.9876831769943237},"size":195.87660217285157,"orthographic":false}