{"cameraMode":{"drawMode":0,"name":"Shaded","section":"Shading Mode"},"sceneLighting":true,"audioPlay":false,"sceneViewState":{"showFog":true,"showMaterialUpdate":false,"showSkybox":true,"showFlares":true,"showImageEffects":true,"showParticleSystems":true},"in2DMode":false,"pivot":{"x":16.132734298706056,"y":5.413333892822266,"z":0.04807543754577637},"rotation":{"x":-0.14771199226379395,"y":0.08504050970077515,"z":-0.012749011628329754,"w":-0.985285758972168},"size":10.739152908325196,"orthographic":false}