{"cameraMode":{"drawMode":0,"name":"Shaded","section":"Shading Mode"},"sceneLighting":true,"audioPlay":false,"sceneViewState":{"showFog":true,"showMaterialUpdate":false,"showSkybox":true,"showFlares":true,"showImageEffects":true,"showParticleSystems":true},"in2DMode":false,"pivot":{"x":161.0607147216797,"y":41.88679504394531,"z":123.11021423339844},"rotation":{"x":-0.1645687073469162,"y":0.05214054509997368,"z":-0.005311859771609306,"w":-0.9853678345680237},"size":107.50172424316406,"orthographic":false}