{"cameraMode":{"drawMode":0,"name":"Shaded","section":"Shading Mode"},"sceneLighting":true,"audioPlay":false,"sceneViewState":{"showFog":true,"showMaterialUpdate":false,"showSkybox":true,"showFlares":true,"showImageEffects":true,"showParticleSystems":true},"in2DMode":false,"pivot":{"x":30.156883239746095,"y":4.584194183349609,"z":13.890734672546387},"rotation":{"x":0.14529147744178773,"y":-0.007421140559017658,"z":0.0011135833337903023,"w":0.9893767833709717},"size":2.121913194656372,"orthographic":false}