{"cameraMode":{"drawMode":0,"name":"Shaded","section":"Shading Mode"},"sceneLighting":true,"audioPlay":false,"sceneViewState":{"showFog":true,"showMaterialUpdate":false,"showSkybox":true,"showFlares":true,"showImageEffects":true,"showParticleSystems":true},"in2DMode":false,"pivot":{"x":122.8264389038086,"y":-1.6226263046264649,"z":-1.9628772735595704},"rotation":{"x":0.16272927820682527,"y":0.06507427245378494,"z":-0.010708639398217202,"w":0.9844890832901001},"size":5.634129047393799,"orthographic":false}