{"cameraMode":{"drawMode":0,"name":"Shaded","section":"Shading Mode"},"sceneLighting":true,"audioPlay":false,"sceneViewState":{"showFog":true,"showMaterialUpdate":false,"showSkybox":true,"showFlares":true,"showImageEffects":true,"showParticleSystems":true},"in2DMode":false,"pivot":{"x":30.575000762939454,"y":3.4640681743621828,"z":20.0},"rotation":{"x":0.1393563449382782,"y":-0.0000012960782669324545,"z":0.000022318557967082597,"w":0.9902575016021729},"size":4.123940944671631,"orthographic":false}