{"cameraMode":{"drawMode":0,"name":"Shaded","section":"Shading Mode"},"sceneLighting":true,"audioPlay":false,"sceneViewState":{"showFog":true,"showMaterialUpdate":false,"showSkybox":true,"showFlares":true,"showImageEffects":true,"showParticleSystems":true},"in2DMode":false,"pivot":{"x":29.91130828857422,"y":6.828708648681641,"z":5.708909034729004},"rotation":{"x":0.04292212054133415,"y":-0.7470769286155701,"z":0.04849967733025551,"w":0.6615996360778809},"size":10.0,"orthographic":false}